CustomerID,Recency,Frequency,Monetary,Coupon_Ratio,Cluster
12346,108,1,180.99,1.0,3
12347,60,31,14500.04,0.3333333333333333,6
12348,74,8,1639.27,0.4782608695652174,1
12350,18,11,1487.9499999999998,0.35294117647058826,1
12356,108,13,2079.96,0.3055555555555556,1
12359,131,3,697.81,0.125,1
12370,190,44,7607.29,0.23076923076923078,5
12373,25,5,574.54,0.21428571428571427,1
12377,41,37,10721.99,0.2727272727272727,6
12383,100,39,5547.91,0.30434782608695654,5
12386,157,6,682.89,0.6,3
12388,115,10,833.7099999999999,0.05263157894736842,1
12393,123,13,2413.84,0.4090909090909091,1
12395,165,14,1641.49,0.28125,1
12402,95,6,750.07,0.5454545454545454,3
12410,11,14,2558.02,0.15384615384615385,1
12413,132,10,3168.11,0.46153846153846156,1
12414,18,6,645.86,0.14285714285714285,1
12415,141,24,3131.0,0.2978723404255319,5
12417,75,15,1942.03,0.36666666666666664,1
12421,77,6,2099.6400000000003,0.7272727272727273,3
12422,103,9,1110.61,0.38461538461538464,1
12423,173,8,865.66,0.4375,1
12427,171,3,1440.33,0.46153846153846156,3
12429,263,10,2732.7200000000003,0.3,0
12431,41,32,5909.39,0.3181818181818182,5
12433,266,55,17779.06,0.3197278911564626,6
12434,223,1,49.519999999999996,0.6666666666666666,3
12437,18,14,2593.34,0.16666666666666666,1
12441,278,11,1814.3,0.6363636363636364,3
12451,104,57,10878.83,0.33663366336633666,6
12464,14,6,1303.38,0.5,1
12468,52,7,1475.21,0.25,1
12471,16,70,14939.01,0.3125,6
12472,63,67,13065.67,0.4126984126984127,6
12474,61,27,7162.08,0.4166666666666667,5
12476,34,13,3434.05,0.37037037037037035,1
12477,27,2,265.78999999999996,0.5,1
12480,148,14,1542.43,0.35714285714285715,1
12481,152,13,11561.1,0.2826086956521739,5
12483,167,6,1071.38,0.14285714285714285,1
12484,150,35,6399.46,0.3877551020408163,5
12489,151,6,871.67,0.4,1
12490,124,22,3115.59,0.3488372093023256,5
12494,165,5,456.90999999999997,0.5714285714285714,3
12500,141,3,95.75999999999999,0.6,3
12501,42,71,11200.83,0.275,6
12502,16,21,5371.43,0.45161290322580644,5
12503,158,1,16.630000000000003,0.0,1
12510,105,12,1592.53,0.3103448275862069,1
12515,172,4,1367.1399999999999,0.1875,1
12523,132,3,577.99,0.7142857142857143,3
12524,140,5,643.75,0.625,3
12527,108,6,1697.47,0.1,1
12528,35,22,4742.32,0.3870967741935484,5
12530,152,8,1426.88,0.07692307692307693,1
12539,54,100,20437.99,0.2887700534759358,7
12540,22,32,4595.59,0.28125,5
12551,189,9,1771.94,0.3,0
12553,70,14,1814.03,0.2564102564102564,1
12557,137,4,334.12,0.5555555555555556,3
12559,21,11,2959.61,0.36363636363636365,1
12567,11,71,13476.34,0.3356164383561644,6
12574,46,5,1776.83,0.6363636363636364,3
12577,203,33,6559.3,0.31343283582089554,5
12578,57,40,6189.9400000000005,0.39473684210526316,5
12583,152,15,3118.75,0.2857142857142857,1
12585,161,26,4451.45,0.3108108108108108,5
12586,303,1,25.49,0.0,0
12591,60,21,4798.26,0.3076923076923077,5
12594,93,5,921.0799999999999,0.25,1
12600,16,8,891.36,0.6,3
12601,137,4,629.03,0.5555555555555556,3
12605,257,2,301.19,0.0,0
12609,66,4,435.35,0.1875,1
12621,188,20,2742.85,0.36363636363636365,0
12625,16,24,6450.28,0.39655172413793105,5
12626,28,34,5673.09,0.29850746268656714,5
12637,57,26,4877.77,0.3466666666666667,5
12643,136,1,72.78999999999999,0.5,3
12645,52,8,2549.38,0.5625,3
12647,189,28,4239.1,0.3018867924528302,0
12649,258,1,27.38,0.5,3
12651,145,7,2489.4700000000003,0.4444444444444444,1
12652,88,26,3103.62,0.35294117647058826,5
12662,13,16,3398.02,0.47058823529411764,5
12664,91,5,795.99,0.4,1
12665,104,2,127.53,0.25,1
12666,206,2,49.98,0.5,3
12668,32,38,7366.34,0.2972972972972973,5
12672,124,3,315.15,0.4,1
12673,114,11,1907.83,0.30434782608695654,1
12676,22,10,1441.43,0.3333333333333333,1
12678,173,3,232.98000000000002,0.0,1
12681,29,88,17588.57,0.28699551569506726,6
12682,21,68,13237.87,0.2755905511811024,6
12683,93,38,10691.3,0.3246753246753247,6
12686,335,6,1028.02,0.14285714285714285,0
12691,66,8,1417.53,0.5333333333333333,3
12693,79,4,1762.95,0.2222222222222222,1
12705,187,13,1824.8799999999999,0.3,0
12708,124,21,3042.67,0.2727272727272727,1
12709,54,16,3355.49,0.48484848484848486,5
12712,11,27,4117.44,0.3404255319148936,5
12720,35,26,7413.99,0.4,5
12721,179,10,2127.39,0.5,3
12724,133,7,595.04,0.5454545454545454,3
12725,326,14,5073.1900000000005,0.3333333333333333,0
12726,45,16,2100.29,0.4,1
12727,82,8,991.72,0.5,1
12728,135,7,651.48,0.3076923076923077,1
12731,35,38,13214.08,0.25806451612903225,6
12734,172,2,103.94999999999999,0.5,3
12735,42,18,3257.33,0.3023255813953488,1
12736,138,1,165.85000000000002,0.5,3
12738,336,8,1850.07,0.45454545454545453,0
12744,69,34,10464.6,0.30357142857142855,5
12747,95,10,1853.39,0.35,1
12748,108,328,83112.26,0.36258992805755397,2
12753,153,20,2529.67,0.36538461538461536,1
12754,11,17,4080.68,0.2702702702702703,1
12755,264,1,56.48,1.0,3
12763,305,8,1184.69,0.4375,0
12764,56,28,5806.639999999999,0.3333333333333333,5
12766,143,28,4703.18,0.3409090909090909,5
12775,14,7,1485.16,0.46153846153846156,1
12778,31,3,611.51,0.3333333333333333,1
12779,8,15,2651.31,0.38095238095238093,1
12782,65,32,4501.13,0.2857142857142857,5
12785,246,8,856.21,0.21428571428571427,0
12791,363,2,153.29999999999998,0.5,0
12793,145,11,2533.39,0.5,3
12797,213,7,460.34000000000003,0.47058823529411764,3
12808,303,5,603.49,0.2857142857142857,0
12820,112,5,741.47,0.2727272727272727,1
12826,54,31,8053.97,0.2857142857142857,5
12829,90,6,1095.26,0.4166666666666667,1
12836,26,19,3375.54,0.4358974358974359,5
12838,361,28,5586.3099999999995,0.3389830508474576,0
12839,186,23,4083.99,0.32432432432432434,0
12841,35,49,13205.69,0.33636363636363636,6
12842,9,9,2916.23,0.5714285714285714,5
12853,29,12,2190.73,0.5217391304347826,5
12854,69,23,4806.74,0.3333333333333333,5
12855,349,3,909.8299999999999,0.6666666666666666,3
12865,210,1,244.0,0.0,0
12867,213,24,3985.7799999999997,0.27586206896551724,0
12868,50,19,6101.14,0.34782608695652173,5
12870,270,1,62.97,0.5,3
12872,116,31,4772.71,0.4090909090909091,5
12875,240,1,7.2,0.0,0
12877,123,11,1506.04,0.5882352941176471,3
12908,33,1,241.0,0.0,1
12913,289,2,94.75999999999999,0.25,0
12915,344,7,1208.3999999999999,0.3076923076923077,0
12916,87,19,4268.01,0.375,5
12921,165,30,6418.9,0.3559322033898305,5
12924,118,1,28.349999999999998,0.0,1
12928,204,8,399.3,0.5294117647058824,3
12929,26,5,942.87,0.375,1
12931,186,2,31.38,0.5,3
12935,77,2,8962.58,0.2962962962962963,5
12939,146,2,263.64,0.3333333333333333,1
12942,265,7,861.08,0.5,0
12944,179,7,1122.75,0.2857142857142857,0
12947,66,25,5153.51,0.3055555555555556,5
12951,81,6,1003.55,0.45,1
12956,1,14,3138.0,0.2631578947368421,1
12957,153,13,1288.32,0.25806451612903225,1
12963,265,6,982.8799999999999,0.125,0
12967,192,10,1635.45,0.2631578947368421,0
12970,89,2,558.4,0.375,1
12971,13,31,4566.84,0.2978723404255319,5
12980,131,4,1299.0900000000001,0.3333333333333333,1
12989,118,2,175.59,0.0,1
12990,18,2,576.05,0.3333333333333333,1
12997,41,7,937.27,0.3888888888888889,1
13000,252,8,933.3199999999999,0.18181818181818182,0
13001,66,23,2816.15,0.4444444444444444,5
13002,66,5,891.88,0.14285714285714285,1
13004,52,37,6208.11,0.3611111111111111,5
13008,95,8,2193.55,0.13333333333333333,1
13011,336,3,232.86,0.6666666666666666,3
13013,332,28,5778.55,0.26865671641791045,0
13021,202,6,1846.1599999999999,0.375,0
13027,178,4,339.66999999999996,0.16666666666666666,0
13029,173,1,15.99,0.0,1
13030,292,16,2670.19,0.38333333333333336,0
13033,188,5,673.0,0.36363636363636365,0
13034,307,4,242.33,0.18181818181818182,0
13047,14,26,3364.75,0.4090909090909091,5
13048,117,17,3503.21,0.35,1
13049,66,3,263.17,0.7142857142857143,3
13050,5,60,11204.34,0.32038834951456313,6
13064,117,1,233.95000000000002,0.3333333333333333,1
13065,350,7,1526.23,0.42857142857142855,0
13068,82,1,7.0,1.0,3
13069,4,68,9416.64,0.3115942028985507,6
13077,269,4,1610.96,0.35714285714285715,0
13078,52,24,4520.62,0.2962962962962963,5
13081,123,117,22177.12,0.32950191570881227,7
13082,161,6,1069.99,0.42857142857142855,1
13089,21,176,30472.73,0.3743169398907104,7
13090,93,9,1462.55,0.23076923076923078,1
13092,208,4,336.92,0.42857142857142855,0
13093,20,65,12998.23,0.3706293706293706,6
13094,154,4,453.66,0.2,1
13097,159,18,3472.49,0.4807692307692308,5
13098,59,14,2506.87,0.38095238095238093,1
13102,8,54,9158.539999999999,0.34408602150537637,6
13104,179,1,125.0,1.0,3
13107,119,10,2871.92,0.34782608695652173,1
13108,348,3,561.89,0.0,0
13110,22,8,1085.95,0.35,1
13113,8,29,21103.72,0.25806451612903225,6
13115,153,2,254.62,0.0,1
13117,76,12,2264.17,0.2647058823529412,1
13124,205,30,4715.28,0.29508196721311475,0
13126,137,18,2472.98,0.375,1
13136,257,3,236.98,0.3333333333333333,0
13137,10,33,7815.52,0.3125,5
13138,340,7,1559.99,0.2857142857142857,0
13140,269,4,733.76,0.4375,0
13141,22,16,3513.46,0.3125,1
13144,137,1,49.989999999999995,0.6666666666666666,3
13145,336,1,23.0,1.0,3
13148,37,78,18961.09,0.3384615384615385,6
13155,115,38,6463.66,0.30158730158730157,5
13158,75,16,3450.31,0.3157894736842105,1
13161,38,2,517.33,0.25,1
13162,132,25,3621.75,0.3,5
13165,171,5,887.44,0.5384615384615384,3
13168,67,36,5478.9,0.3684210526315789,5
13173,284,15,3791.5,0.391304347826087,0
13174,49,124,24376.97,0.33884297520661155,7
13178,221,14,2031.06,0.40625,0
13183,147,11,2030.81,0.3,1
13187,153,10,1389.49,0.24324324324324326,1
13198,69,39,6166.38,0.38961038961038963,5
13199,19,14,2004.12,0.3125,1
13208,12,13,2505.58,0.23076923076923078,1
13209,111,10,483.86,0.38095238095238093,1
13211,225,1,69.72,0.5,3
13221,208,19,2642.9,0.3142857142857143,0
13225,159,5,556.19,0.25,1
13230,12,42,10698.8,0.3176470588235294,6
13233,148,8,1401.1000000000001,0.47058823529411764,1
13238,215,4,521.28,0.2,0
13240,262,15,1543.17,0.23809523809523808,0
13246,110,18,2513.78,0.4,5
13253,166,5,546.92,0.25,1
13255,361,4,1320.9,0.16666666666666666,0
13263,105,18,2791.94,0.28205128205128205,1
13266,203,1,59.16,0.0,0
13267,131,26,17114.52,0.32608695652173914,6
13269,228,17,3217.2,0.32142857142857145,0
13270,269,1,85.5,1.0,3
13280,47,39,8878.19,0.2948717948717949,5
13284,93,6,843.89,0.35714285714285715,1
13295,210,5,822.42,0.18181818181818182,0
13304,170,3,779.66,0.38095238095238093,1
13305,346,3,497.74,0.8,3
13309,9,22,4559.0,0.35294117647058826,5
13310,70,12,2321.0099999999998,0.27586206896551724,1
13313,169,3,511.9,0.35294117647058826,1
13317,202,8,1294.81,0.21428571428571427,0
13319,168,42,6895.93,0.336734693877551,5
13324,35,7,2570.89,0.2,1
13327,257,8,913.9,0.6190476190476191,3
13328,49,10,2458.41,0.23529411764705882,1
13329,177,5,634.88,0.3333333333333333,1
13330,45,7,1417.02,0.3076923076923077,1
13368,157,1,152.64,0.0,1
13369,177,11,1745.68,0.2631578947368421,0
13370,268,23,3603.2799999999997,0.4090909090909091,0
13385,124,15,3514.75,0.3142857142857143,1
13394,16,10,1313.8,0.4375,1
13396,35,10,2463.65,0.4375,1
13397,167,4,569.92,0.25,1
13402,336,9,1492.56,0.29411764705882354,0
13405,66,3,317.95,0.5,1
13408,33,42,8898.38,0.34615384615384615,5
13418,207,24,4072.1499999999996,0.22448979591836735,0
13426,152,12,1150.8600000000001,0.25,1
13448,225,22,2770.95,0.2222222222222222,0
13451,143,13,1965.19,0.375,1
13455,119,19,3317.45,0.3333333333333333,1
13458,105,29,4188.62,0.367816091954023,5
13468,20,38,9515.16,0.3037974683544304,5
13473,126,3,606.6800000000001,0.23076923076923078,1
13481,291,1,15.28,0.0,0
13487,173,3,370.90999999999997,0.7272727272727273,3
13488,12,76,12528.78,0.33557046979865773,6
13491,20,22,4533.73,0.40476190476190477,5
13494,26,10,1227.47,0.3888888888888889,1
13495,210,12,2106.64,0.46153846153846156,0
13496,194,11,1635.14,0.2962962962962963,0
13497,301,8,1002.28,0.4,0
13502,97,1,140.27,0.75,3
13506,30,21,3967.35,0.2413793103448276,1
13520,101,20,3973.65,0.3548387096774194,5
13523,270,12,1760.67,0.23333333333333334,0
13527,115,1,71.95,0.8,3
13531,269,4,6646.27,0.3333333333333333,0
13534,48,23,3961.93,0.25,5
13538,45,1,35.57,0.0,1
13539,13,8,1250.05,0.36363636363636365,1
13551,77,3,1065.19,0.25,1
13552,45,3,335.96999999999997,0.25,1
13564,174,40,8097.389999999999,0.3048780487804878,5
13565,143,8,1035.58,0.23076923076923078,1
13569,286,10,1963.09,0.4166666666666667,0
13576,18,15,2194.21,0.3235294117647059,1
13579,305,5,540.04,0.2222222222222222,0
13581,13,5,973.57,0.1,1
13584,3,16,3020.84,0.375,5
13593,147,12,2714.11,0.358974358974359,1
13599,119,17,1912.52,0.3,1
13600,30,13,2904.2200000000003,0.05263157894736842,1
13606,26,3,381.87,0.0,1
13611,212,4,1193.79,0.3333333333333333,0
13614,126,6,624.25,0.4444444444444444,1
13615,35,12,2077.94,0.2916666666666667,1
13627,190,14,2001.2,0.15,0
13629,22,5,1140.5,0.125,1
13634,117,9,1302.55,0.23684210526315788,1
13649,269,6,723.08,0.06666666666666667,0
13652,303,5,518.8,0.3888888888888889,0
13656,154,9,2206.58,0.3225806451612903,1
13659,86,32,4578.44,0.24193548387096775,5
13668,13,31,4880.33,0.29508196721311475,5
13672,135,3,266.12,0.16666666666666666,1
13680,152,44,6605.67,0.3956043956043956,5
13693,105,1,62.349999999999994,0.75,3
13694,12,37,6245.1900000000005,0.2403846153846154,5
13700,117,14,1489.38,0.34615384615384615,1
13703,70,1,257.99,0.0,1
13705,363,7,1342.71,0.4,0
13707,42,23,4346.02,0.28125,5
13709,41,19,2823.63,0.3225806451612903,1
13715,153,48,7770.69,0.41,5
13725,9,30,5001.91,0.24390243902439024,5
13728,20,5,1021.4,0.1111111111111111,1
13742,82,42,9095.31,0.3333333333333333,5
13747,363,1,160.21,0.0,0
13748,365,1,7.74,0.0,0
13750,152,1,8.79,0.0,1
13754,59,5,1021.57,0.125,1
13756,202,8,1785.41,0.125,0
13758,146,18,2302.93,0.21212121212121213,1
13764,155,29,4412.97,0.2318840579710145,5
13767,138,37,6560.98,0.4794520547945205,5
13769,88,21,3631.51,0.34375,5
13777,19,47,7276.48,0.26865671641791045,5
13782,118,22,3487.06,0.2777777777777778,1
13784,24,4,317.68,0.8333333333333334,3
13786,284,2,587.16,0.2857142857142857,0
13787,245,5,403.93,0.2857142857142857,0
13798,82,67,10898.02,0.2845528455284553,6
13800,14,23,3498.0,0.3333333333333333,5
13802,26,11,1375.25,0.3181818181818182,1
13807,281,4,1317.08,0.42857142857142855,0
13815,71,31,8513.32,0.3018867924528302,5
13817,171,2,177.54,0.3333333333333333,1
13819,13,15,3274.75,0.2916666666666667,1
13824,19,9,924.42,0.45454545454545453,1
13829,203,1,22.99,1.0,3
13831,319,2,326.99,0.0,0
13837,63,5,1157.88,0.2222222222222222,1
13838,324,35,6817.65,0.34615384615384615,0
13842,13,18,7989.97,0.36363636363636365,5
13846,213,8,1419.34,0.25,0
13848,269,1,132.86,1.0,3
13854,22,24,3201.75,0.36363636363636365,5
13859,109,16,2571.34,0.25,1
13862,119,18,3640.37,0.3103448275862069,1
13869,35,40,12877.35,0.3380281690140845,6
13871,12,16,3478.2,0.30434782608695654,1
13873,17,3,412.85,0.2857142857142857,1
13874,193,10,1060.02,0.2777777777777778,0
13880,284,5,1262.58,0.5,0
13881,28,7,2125.6,0.46153846153846156,1
13883,109,1,41.0,1.0,3
13890,59,8,1672.01,0.4166666666666667,1
13894,19,6,827.45,0.3,1
13898,108,2,390.61,0.08333333333333333,1
13901,75,8,768.92,0.6363636363636364,3
13911,5,14,3267.71,0.32,1
13922,171,3,379.49,0.14285714285714285,1
13929,88,2,2674.43,0.0,1
13939,20,10,1504.3899999999999,0.38461538461538464,1
13941,326,9,978.8299999999999,0.3333333333333333,0
13948,224,2,160.82,0.3333333333333333,0
13953,172,1,13.2,0.0,1
13958,337,4,496.97,0.4,0
13959,236,7,1103.81,0.3125,0
13963,6,16,5162.34,0.4,5
13969,89,18,3384.06,0.38636363636363635,5
13982,112,30,4542.05,0.3269230769230769,5
13983,110,18,10911.9,0.36,5
13984,105,4,161.89,0.1111111111111111,1
13993,127,3,558.91,0.3333333333333333,1
13999,90,20,3324.2,0.34375,5
14001,357,6,1165.54,0.3333333333333333,0
14006,30,4,741.22,0.5714285714285714,3
14016,188,16,1799.2,0.4358974358974359,0
14030,266,17,4988.65,0.18518518518518517,0
14031,98,21,3669.7400000000002,0.39215686274509803,5
14032,171,19,4487.82,0.46875,5
14037,249,16,1579.3600000000001,0.5384615384615384,3
14040,40,38,8674.09,0.40298507462686567,5
14044,15,45,7826.79,0.2,5
14045,159,4,159.69,0.2,1
14047,153,4,377.06,0.4666666666666667,3
14049,64,57,11934.210000000001,0.3217391304347826,6
14051,41,24,4018.88,0.24390243902439024,5
14057,215,23,3578.95,0.3541666666666667,0
14060,65,25,4312.17,0.35,5
14062,95,33,5630.7300000000005,0.45454545454545453,5
14068,82,10,2312.06,0.375,1
14078,357,3,2546.91,0.15384615384615385,0
14081,305,24,5992.1900000000005,0.34782608695652173,0
14082,251,19,2605.54,0.4482758620689655,0
14083,175,44,7854.43,0.28421052631578947,5
14085,14,73,13187.67,0.3742690058479532,6
14088,90,51,10282.49,0.3333333333333333,6
14090,103,1,19.2,0.0,1
14092,89,26,3207.76,0.3442622950819672,5
14099,119,34,6855.8099999999995,0.3728813559322034,5
14101,112,1,141.97,0.3333333333333333,1
14107,178,9,1217.46,0.29411764705882354,0
14113,27,7,678.72,0.8571428571428571,3
14114,127,5,1207.18,0.45454545454545453,1
14119,177,1,21.19,0.0,0
14127,20,13,2207.57,0.2,1
14130,76,41,11266.03,0.3283582089552239,6
14133,14,11,2164.46,0.35294117647058826,1
14135,114,36,5877.75,0.38571428571428573,5
14142,351,21,3758.17,0.5454545454545454,0
14146,46,31,10798.44,0.2857142857142857,5
14150,212,6,788.1,0.25,0
14156,14,43,9147.48,0.3488372093023256,5
14159,242,22,2672.1,0.23529411764705882,0
14161,312,13,2817.7,0.34615384615384615,0
14167,129,7,1430.35,0.16666666666666666,1
14175,88,7,1916.52,0.14285714285714285,1
14176,114,8,546.3399999999999,0.42857142857142855,1
14180,16,41,22612.36,0.36363636363636365,6
14185,130,1,116.4,0.0,1
14188,19,8,1415.5,0.4166666666666667,1
14189,67,26,5510.63,0.3829787234042553,5
14194,5,20,4488.48,0.43333333333333335,5
14201,207,3,345.96000000000004,0.25,0
14205,259,9,1599.44,0.2857142857142857,0
14206,224,1,304.0,0.0,0
14209,135,8,2399.31,0.375,1
14210,167,17,3549.9700000000003,0.2702702702702703,1
14213,335,2,97.03,0.4,0
14215,41,30,3593.95,0.3076923076923077,5
14217,23,11,1019.89,0.3181818181818182,1
14220,193,9,1008.33,0.2727272727272727,0
14221,166,10,2332.47,0.2222222222222222,1
14224,83,22,4054.48,0.35,5
14229,42,12,1893.6100000000001,0.21739130434782608,1
14233,21,12,2270.92,0.5333333333333333,5
14236,335,3,275.33,0.3333333333333333,0
14237,357,6,918.37,0.5555555555555556,0
14238,111,5,1066.12,0.375,1
14239,50,3,529.43,0.2222222222222222,1
14242,109,5,992.74,0.125,1
14243,62,14,3925.79,0.425,5
14248,66,1,251.5,0.125,1
14256,249,15,3152.43,0.28125,0
14257,74,18,4161.15,0.3076923076923077,5
14258,158,10,1319.3899999999999,0.22580645161290322,1
14264,336,1,30.009999999999998,0.5,0
14270,132,11,1903.85,0.3103448275862069,1
14282,286,8,1207.69,0.38461538461538464,0
14290,50,12,3610.69,0.36,1
14292,109,3,599.2,1.0,3
14293,303,5,1009.27,0.3333333333333333,0
14295,136,2,234.17999999999998,0.0,1
14298,33,99,17077.33,0.3278008298755187,6
14299,51,20,3297.58,0.35294117647058826,5
14307,100,36,8646.57,0.4050632911392405,5
14309,17,7,954.73,0.22727272727272727,1
14312,20,9,3387.92,0.391304347826087,1
14320,92,17,3027.66,0.38235294117647056,5
14321,140,16,2456.36,0.3448275862068966,1
14329,121,31,4995.47,0.25,5
14334,80,17,3513.94,0.38095238095238093,5
14341,59,12,1840.51,0.16666666666666666,1
14344,193,13,1828.23,0.35714285714285715,0
14355,263,8,1403.6,0.36363636363636365,0
14368,81,8,1614.82,0.5,1
14373,195,1,172.46,0.25,0
14388,267,10,1786.92,0.34782608695652173,0
14389,70,1,680.93,0.3333333333333333,1
14390,346,21,3696.74,0.42857142857142855,0
14395,143,34,4136.1,0.36507936507936506,5
14396,327,24,4818.53,0.23529411764705882,0
14401,41,12,1956.95,0.4,1
14404,117,23,3666.9,0.2608695652173913,1
14409,74,11,2441.26,0.35714285714285715,1
14410,1,6,1160.99,0.25,1
14411,21,8,694.14,0.35714285714285715,1
14413,237,5,2552.11,0.30434782608695654,0
14414,201,4,287.17,0.25,0
14415,105,45,11308.71,0.37606837606837606,6
14419,251,8,1630.83,0.3333333333333333,0
14426,35,24,4009.42,0.3617021276595745,5
14428,105,8,1285.22,0.08333333333333333,1
14437,265,2,198.5,0.4,0
14438,1,5,562.38,0.5555555555555556,1
14439,80,17,3026.91,0.28125,1
14440,56,15,5509.07,0.45161290322580644,5
14441,90,2,49.739999999999995,0.0,1
14442,29,20,4304.41,0.21875,1
14443,18,16,2552.5299999999997,0.35714285714285715,1
14448,244,8,793.72,0.2777777777777778,0
14449,341,28,7176.37,0.42,0
14450,87,3,969.7,0.18181818181818182,1
14457,21,1,1666.06,0.5,1
14460,20,2,444.55,0.5,1
14462,7,39,8637.48,0.3389830508474576,5
14466,11,11,2072.48,0.4117647058823529,1
14467,33,9,2779.12,0.3333333333333333,1
14472,146,28,6157.68,0.15714285714285714,5
14479,262,5,413.06,0.5,3
14487,294,11,1765.57,0.21428571428571427,0
14491,345,3,558.69,0.5,0
14496,28,3,817.95,0.47368421052631576,1
14497,13,19,2954.65,0.3448275862068966,5
14498,232,6,768.5,0.5714285714285714,3
14501,81,4,1000.97,0.5,1
14502,31,21,5094.02,0.4444444444444444,5
14505,150,94,11947.05,0.3770491803278688,6
14506,308,30,6779.37,0.5,0
14514,129,10,1354.22,0.38461538461538464,1
14524,223,7,1048.96,0.3076923076923077,0
14525,112,18,2199.26,0.25925925925925924,1
14527,33,84,17352.69,0.35175879396984927,6
14532,40,11,1996.0,0.34782608695652173,1
14533,172,6,1360.1100000000001,0.4,1
14534,70,22,5306.9800000000005,0.20689655172413793,5
14540,13,10,1504.04,0.18181818181818182,1
14541,48,42,13579.12,0.26666666666666666,6
14543,73,10,2735.9500000000003,0.2727272727272727,1
14544,231,26,5223.82,0.40350877192982454,0
14548,66,2,325.99,0.0,1
14549,24,29,7334.58,0.3392857142857143,5
14553,166,6,890.0,0.34782608695652173,1
14560,11,13,2168.04,0.36363636363636365,1
14565,230,17,2103.0,0.2962962962962963,0
14572,97,43,5732.9800000000005,0.29310344827586204,5
14573,335,36,7775.25,0.34210526315789475,0
14576,336,1,66.33,1.0,3
14577,242,19,2729.72,0.34210526315789475,0
14587,25,57,10897.95,0.2966101694915254,6
14589,333,1,293.54999999999995,0.6666666666666666,3
14594,355,25,4895.42,0.3870967741935484,0
14595,39,5,796.99,0.6,3
14600,1,2,751.1700000000001,0.0,1
14606,1,289,64045.5,0.3808695652173913,4
14608,235,1,11.59,0.0,0
14616,62,1,125.0,0.0,1
14618,158,3,582.1,0.16666666666666666,1
14621,199,11,3415.41,0.3125,0
14625,227,12,2840.97,0.3611111111111111,0
14627,27,4,654.89,0.4,1
14639,195,22,3230.28,0.14285714285714285,0
14643,173,10,1269.27,0.05555555555555555,1
14646,91,114,23080.08,0.3448275862068966,7
14653,162,17,2534.9700000000003,0.3448275862068966,1
14657,110,33,6263.6900000000005,0.43548387096774194,5
14659,43,21,6062.35,0.28,5
14662,47,18,4362.46,0.4166666666666667,5
14665,21,12,5428.4,0.23076923076923078,1
14667,111,71,27835.61,0.35119047619047616,7
14669,135,43,7017.89,0.32727272727272727,5
14672,148,16,2476.54,0.29411764705882354,1
14673,286,7,1732.33,0.3333333333333333,0
14679,335,1,160.21,1.0,3
14680,71,38,8092.18,0.4044943820224719,5
14684,238,24,3419.26,0.3181818181818182,0
14688,33,38,7770.65,0.3103448275862069,5
14692,79,18,5365.14,0.32142857142857145,5
14696,108,26,3752.2799999999997,0.3142857142857143,5
14701,53,38,8409.91,0.2631578947368421,5
14702,46,41,8641.24,0.4175824175824176,5
14708,222,8,2898.88,0.5384615384615384,3
14709,41,17,2979.92,0.4594594594594595,5
14713,93,49,8039.72,0.3875,5
14715,130,7,556.35,0.3076923076923077,1
14723,192,41,7858.58,0.36666666666666664,5
14729,358,42,8608.1,0.38028169014084506,0
14732,167,5,345.96,0.5,3
14733,59,72,11961.86,0.3358208955223881,6
14735,18,19,3487.46,0.5151515151515151,5
14737,173,2,267.29,0.25,1
14738,51,9,2164.96,0.2727272727272727,1
14739,162,11,1057.34,0.4444444444444444,1
14741,232,8,1550.47,0.2631578947368421,0
14744,29,9,1818.78,0.2857142857142857,1
14748,131,19,1766.6399999999999,0.45714285714285713,5
14755,144,18,2873.08,0.4444444444444444,5
14761,145,3,965.51,0.42857142857142855,1
14766,258,5,818.27,0.125,0
14769,103,33,5535.85,0.423728813559322,5
14770,94,9,1385.05,0.47058823529411764,1
14775,337,9,1582.54,0.35,0
14776,33,19,3086.03,0.4090909090909091,5
14777,195,1,68.75999999999999,0.0,0
14778,11,15,2911.96,0.3888888888888889,5
14779,90,20,8888.43,0.3142857142857143,5
14782,80,3,516.74,0.3333333333333333,1
14784,97,3,266.9,0.5,3
14794,142,5,827.36,0.5555555555555556,3
14796,81,80,15665.61,0.3076923076923077,6
14798,18,5,1195.76,0.0,1
14800,146,73,11825.88,0.4041095890410959,6
14805,40,15,3177.21,0.47368421052631576,5
14810,4,24,6882.16,0.4,5
14813,320,25,2951.77,0.23333333333333334,0
14821,280,1,370.0,0.5,0
14825,201,11,2111.3,0.3333333333333333,0
14828,152,3,353.44,0.4,1
14829,203,19,4722.35,0.27586206896551724,0
14841,202,11,2394.13,0.15789473684210525,0
14842,5,2,175.57999999999998,0.0,1
14849,59,31,5538.68,0.28846153846153844,5
14850,26,12,1613.44,0.45454545454545453,1
14865,336,1,50.83,0.0,0
14866,269,1,21.69,0.0,0
14867,147,8,996.2900000000001,0.4375,1
14871,221,8,979.33,0.36,0
14878,200,6,1064.23,0.3076923076923077,0
14889,148,7,576.75,0.2,1
14895,93,1,92.8,0.0,1
14896,262,19,3563.92,0.25,0
14898,111,9,1723.69,0.4166666666666667,1
14901,222,25,5015.89,0.475,0
14907,222,20,5276.43,0.375,0
14911,11,276,56169.82,0.3403441682600382,4
14913,206,7,1026.04,0.23529411764705882,0
14916,99,7,2357.4300000000003,0.4,1
14932,263,3,833.54,0.35294117647058826,0
14944,172,1,43.98,0.0,1
14952,247,7,627.08,0.3,0
14961,153,18,3540.87,0.4634146341463415,5
14970,53,4,1541.05,0.6,3
14976,115,10,1019.4200000000001,0.25,1
14978,62,29,4914.91,0.28378378378378377,5
14985,191,32,4956.59,0.4,5
14987,263,1,324.84,0.0,0
15002,165,23,3598.69,0.44642857142857145,5
15005,19,70,12072.5,0.3698630136986301,6
15012,357,30,6193.14,0.25925925925925924,0
15018,287,1,319.94,0.2,0
15021,277,19,4164.34,0.3333333333333333,0
15023,105,41,8983.52,0.38095238095238093,5
15024,280,19,5037.69,0.375,0
15028,297,7,1025.24,0.14285714285714285,0
15032,271,18,2136.26,0.5,0
15033,122,14,4248.08,0.265625,1
15034,160,35,6436.57,0.3780487804878049,5
15038,323,23,2658.46,0.2571428571428571,0
15039,27,148,30508.02,0.33015873015873015,7
15044,138,52,9426.52,0.30597014925373134,6
15046,20,21,4271.4,0.24489795918367346,5
15048,300,5,1718.1599999999999,0.21739130434782608,0
15052,76,19,3268.13,0.3,1
15057,46,17,3080.0299999999997,0.2727272727272727,1
15058,29,33,6366.32,0.3114754098360656,5
15059,87,16,2664.18,0.3,1
15061,66,80,17423.11,0.31176470588235294,6
15062,204,7,460.61,0.36363636363636365,0
15070,347,1,528.44,1.0,3
15078,77,30,5981.96,0.375,5
15079,42,17,4568.34,0.5925925925925926,5
15081,281,4,585.65,0.5,0
15090,6,15,2699.58,0.34782608695652173,1
15093,162,17,3950.83,0.3076923076923077,1
15100,124,6,1108.1,0.3333333333333333,1
15101,153,4,282.52,0.4,1
15107,23,12,1674.71,0.15,1
15110,73,9,1871.94,0.2222222222222222,1
15111,346,9,2892.04,0.25,0
15139,151,4,322.3,0.375,1
15144,33,10,4273.65,0.3684210526315789,1
15157,187,24,3211.73,0.23214285714285715,0
15159,44,51,8363.37,0.2875,6
15160,188,3,431.3,0.5,3
15164,167,5,473.54,0.4375,1
15165,355,12,2351.77,0.4074074074074074,0
15167,85,14,2760.39,0.3902439024390244,1
15171,101,3,142.14,0.2857142857142857,1
15174,93,1,559.5600000000001,0.2727272727272727,1
15179,77,26,3954.74,0.35555555555555557,5
15180,283,6,608.15,0.16666666666666666,0
15181,222,2,71.17999999999999,0.0,0
15189,33,7,1482.03,0.2,1
15192,257,9,1047.57,0.26666666666666666,0
15194,30,55,24698.14,0.30701754385964913,6
15197,132,3,77.77,0.75,3
15199,6,1,161.17000000000002,0.0,1
15203,25,6,275.16,0.35,1
15204,188,7,379.43,0.2222222222222222,0
15208,173,1,90.62,0.6666666666666666,3
15211,256,8,1258.07,0.391304347826087,0
15213,71,9,755.0600000000001,0.28,1
15215,59,2,268.17,0.5,1
15218,73,15,2702.54,0.39285714285714285,1
15221,271,5,375.99,0.2727272727272727,0
15222,76,5,959.99,0.4,1
15224,195,9,411.26000000000005,0.5,3
15226,20,7,891.08,0.25,1
15227,59,5,1164.3700000000001,0.25,1
15235,13,34,7788.15,0.23863636363636365,5
15240,28,11,2333.5299999999997,0.35294117647058826,1
15246,202,6,323.83,0.4166666666666667,0
15260,346,9,1750.87,0.35294117647058826,0
15262,96,9,1945.1599999999999,0.5,1
15266,162,4,677.8,0.3333333333333333,1
15270,19,8,917.72,0.1111111111111111,1
15271,159,16,4158.71,0.325,1
15279,179,7,1836.5800000000002,0.42857142857142855,1
15281,88,27,4071.59,0.38181818181818183,5
15288,259,10,2584.94,0.3076923076923077,0
15290,119,7,676.47,0.47368421052631576,1
15291,79,13,1122.03,0.2,1
15296,113,30,7483.3099999999995,0.3770491803278688,5
15298,103,17,2238.64,0.3076923076923077,1
15299,337,1,354.95,0.6666666666666666,3
15301,300,17,4127.03,0.29411764705882354,0
15304,301,3,284.47,0.2,0
15311,13,291,80775.51,0.3219761499148211,2
15312,178,5,697.96,0.35294117647058826,1
15316,114,1,50.0,0.0,1
15326,140,10,1881.77,0.3793103448275862,1
15329,257,1,102.82000000000001,0.6666666666666666,3
15332,270,17,2884.79,0.4,0
15339,70,32,5572.67,0.5853658536585366,5
15346,137,7,824.62,0.4117647058823529,1
15347,269,2,104.09,0.0,0
15350,356,3,594.53,0.2,0
15351,321,24,21416.8,0.2641509433962264,6
15353,287,4,1055.46,0.16666666666666666,0
15356,222,58,10539.22,0.3391304347826087,6
15358,29,69,11464.85,0.3442622950819672,6
15361,234,5,521.14,0.42857142857142855,0
15363,344,2,1166.17,0.4375,0
15365,42,9,2153.17,0.4166666666666667,1
15366,195,6,1356.92,0.375,0
15370,137,2,115.15,0.375,1
15373,63,16,2603.35,0.25,1
15379,95,62,11874.0,0.3188405797101449,6
15380,257,1,330.0,0.0,0
15384,210,13,1889.55,0.4090909090909091,0
15392,194,10,1731.73,0.35,0
15394,199,15,2947.64,0.2916666666666667,0
15395,108,6,1178.98,0.7142857142857143,3
15415,37,38,7702.18,0.3541666666666667,5
15421,19,2,678.6700000000001,0.3125,1
15422,93,4,380.48,0.5,1
15426,292,33,7316.49,0.4482758620689655,0
15443,85,24,3510.63,0.37254901960784315,5
15447,127,5,689.04,0.2222222222222222,1
15448,35,21,5322.87,0.5357142857142857,5
15454,236,11,1824.73,0.2,0
15456,204,12,1585.13,0.3076923076923077,0
15460,174,33,6770.03,0.3448275862068966,5
15464,160,68,14208.53,0.3057324840764331,6
15465,88,11,1684.31,0.42857142857142855,1
15468,223,1,8.99,1.0,3
15482,202,5,353.79,0.125,0
15485,147,12,2683.22,0.37209302325581395,1
15497,35,9,1716.55,0.09090909090909091,1
15498,79,85,12825.98,0.4110429447852761,6
15502,291,22,4957.15,0.4,0
15503,243,39,4160.39,0.2714285714285714,0
15510,126,1,35.66,0.0,1
15512,209,4,184.16,0.3333333333333333,0
15513,54,18,5160.36,0.30434782608695654,5
15514,221,52,7477.42,0.3274336283185841,6
15518,70,28,4651.99,0.2835820895522388,5
15525,357,36,8277.58,0.2631578947368421,0
15527,44,17,3031.7,0.4444444444444444,5
15529,96,42,8965.05,0.39473684210526316,5
15532,194,29,6468.61,0.34,5
15535,118,30,4233.74,0.3170731707317073,5
15544,344,15,2215.63,0.46153846153846156,0
15545,325,12,3735.85,0.12903225806451613,0
15547,43,48,8525.9,0.4222222222222222,5
15549,40,33,9667.94,0.41935483870967744,5
15555,231,49,6650.12,0.40625,5
15562,171,1,85.0,0.0,1
15563,201,6,1595.82,0.4090909090909091,0
15569,135,1,290.38,0.42857142857142855,1
15570,122,57,18842.15,0.3055555555555556,6
15574,199,64,13458.17,0.3584905660377358,6
15579,39,18,3886.84,0.23076923076923078,1
15581,174,17,3154.0,0.3673469387755102,1
15587,171,2,658.95,0.3333333333333333,1
15589,21,6,1466.22,0.4166666666666667,1
15596,54,18,3594.7200000000003,0.3953488372093023,5
15601,48,88,18663.100000000002,0.37579617834394907,6
15602,31,12,1589.96,0.4117647058823529,1
15605,356,9,2356.9,0.4166666666666667,0
15606,101,4,590.78,0.8,3
15607,151,6,965.01,0.23076923076923078,1
15611,146,1,113.99,0.0,1
15615,124,20,4675.34,0.36,5
15620,196,13,1449.57,0.5161290322580645,3
15626,124,7,1015.27,0.35,1
15628,280,14,2270.22,0.21052631578947367,0
15640,137,47,10929.14,0.34782608695652173,6
15641,206,7,1408.29,0.3,0
15646,337,13,1839.35,0.5294117647058824,0
15649,150,2,95.35,0.0,1
15658,14,17,6120.42,0.42857142857142855,5
15660,265,6,661.06,0.3,0
15661,61,5,1402.0,0.4,1
15664,203,1,374.48,0.5,3
15673,116,17,2466.0,0.33962264150943394,1
15680,270,14,2548.68,0.4,0
15687,25,22,5726.97,0.26666666666666666,5
15689,234,2,1121.29,0.3333333333333333,0
15694,26,12,2724.49,0.4166666666666667,1
15696,41,28,3799.57,0.3125,5
15708,37,47,9667.66,0.3645833333333333,6
15713,222,5,1105.24,0.3,0
15716,318,22,2690.8,0.34210526315789475,0
15719,14,95,17395.13,0.37714285714285717,6
15723,250,22,3839.17,0.36585365853658536,0
15727,129,37,7652.55,0.2828282828282828,5
15732,341,4,355.36,0.4,0
15738,34,15,2580.67,0.3783783783783784,1
15749,135,5,663.5,0.2,1
15750,258,12,2305.46,0.42857142857142855,0
15752,349,8,1754.62,0.35714285714285715,0
15759,195,1,134.56,0.5,3
15769,148,6,972.56,0.25,1
15777,65,6,610.78,0.375,1
15780,189,9,1979.93,0.3333333333333333,0
15781,1,3,767.79,0.4,1
15789,196,13,2374.66,0.32,0
15797,76,1,205.0,1.0,3
15799,143,8,1089.45,0.4090909090909091,1
15805,254,6,1868.58,0.5454545454545454,3
15808,2,123,26954.079999999998,0.2761904761904762,7
15811,187,12,1345.8899999999999,0.30434782608695654,0
15812,64,2,360.0,0.0,1
15820,79,9,1846.72,0.5882352941176471,3
15822,207,6,1054.58,0.25,0
15823,157,9,750.27,0.35294117647058826,1
15827,35,22,3290.08,0.27586206896551724,5
15831,99,3,1111.38,0.2777777777777778,1
15834,337,1,124.68,0.0,0
15835,128,5,741.1899999999999,0.4666666666666667,1
15838,22,5,551.98,0.16666666666666666,1
15841,165,5,179.57999999999998,0.14285714285714285,1
15845,153,7,5609.75,0.15384615384615385,1
15854,24,14,2768.41,0.4,1
15856,170,32,4584.91,0.2222222222222222,5
15858,284,18,3605.65,0.2727272727272727,0
15860,301,10,2364.28,0.4,0
15862,363,40,9789.63,0.34375,0
15864,28,8,1346.31,0.1111111111111111,1
15867,59,78,12799.289999999999,0.34782608695652173,6
15880,312,46,15315.39,0.330188679245283,6
15881,28,19,4438.72,0.34375,5
15882,294,11,2688.68,0.4117647058823529,0
15885,13,1,28.41,0.0,1
15889,307,37,9853.42,0.3181818181818182,0
15894,309,25,3741.02,0.2894736842105263,0
15898,285,38,5067.29,0.296875,0
15899,303,4,392.46000000000004,0.25,0
15910,54,28,6255.54,0.38095238095238093,5
15916,125,27,4243.81,0.22916666666666666,5
15919,301,24,4960.72,0.2857142857142857,0
15922,344,6,727.31,0.08333333333333333,0
15923,345,14,2267.58,0.19047619047619047,0
15938,97,4,1399.98,0.2,1
15939,25,7,1175.59,0.2777777777777778,1
15940,22,1,20.34,0.5,1
15945,260,2,541.61,0.0,0
15950,209,12,2235.15,0.3448275862068966,0
15953,132,11,2555.39,0.2962962962962963,1
15955,347,15,3538.15,0.25,0
15965,285,9,2219.37,0.5,0
15967,73,15,2953.45,0.2571428571428571,1
15971,22,3,423.95,0.75,3
15973,166,3,387.25,0.4,1
15981,24,2,142.73,0.5,1
15983,220,38,6570.52,0.2962962962962963,0
15984,163,5,772.67,0.4117647058823529,1
15987,303,3,301.36,0.5555555555555556,3
15996,267,9,1038.76,0.40625,0
15998,237,48,9362.42,0.2711864406779661,6
16003,208,9,1868.24,0.25,0
16010,239,14,3947.93,0.4583333333333333,0
16011,23,33,6398.95,0.3,5
16013,152,8,525.69,0.0,1
16016,270,33,6856.0,0.35714285714285715,0
16019,42,9,1108.83,0.2962962962962963,1
16029,6,31,5776.23,0.28846153846153844,5
16030,16,21,3810.66,0.20689655172413793,1
16033,109,50,9442.39,0.3475177304964539,6
16034,136,2,318.27000000000004,0.3333333333333333,1
16037,202,7,1083.57,0.4,0
16042,135,5,582.46,0.3333333333333333,1
16043,65,8,1134.74,0.5294117647058824,3
16048,353,5,1457.67,0.25,0
16059,117,21,3033.94,0.3877551020408163,5
16062,249,5,649.27,0.0,0
16065,261,39,7809.09,0.3108108108108108,0
16081,278,14,3069.4500000000003,0.45454545454545453,0
16083,222,8,603.5600000000001,0.4117647058823529,0
16085,87,12,2369.55,0.4642857142857143,1
16086,285,5,853.18,0.375,0
16094,153,1,31.689999999999998,0.0,1
16098,364,5,920.39,0.16666666666666666,0
16109,8,3,798.36,0.0,1
16110,23,69,13475.0,0.3565217391304348,6
16112,138,5,1007.22,0.4,1
16122,137,8,1016.5,0.47368421052631576,1
16124,48,8,985.9499999999999,0.1875,1
16125,281,11,1786.8600000000001,0.38461538461538464,0
16133,47,7,1290.95,0.38461538461538464,1
16134,174,12,2552.12,0.3684210526315789,1
16138,291,1,15.28,0.0,0
16140,328,6,1142.5,0.2857142857142857,0
16143,178,12,3315.71,0.32142857142857145,0
16145,136,17,2603.3,0.39473684210526316,1
16150,153,14,2432.59,0.34615384615384615,1
16153,180,7,1189.48,0.2,0
16156,20,13,2035.25,0.2222222222222222,1
16161,22,64,12517.69,0.3467741935483871,6
16163,256,4,149.64,0.2,0
16168,77,3,546.8100000000001,0.125,1
16186,341,2,862.28,0.45,0
16191,29,15,1649.37,0.3055555555555556,1
16202,224,7,922.03,0.4444444444444444,0
16203,136,11,1677.37,0.16666666666666666,1
16206,118,11,1778.3,0.24,1
16210,17,20,4196.14,0.2619047619047619,5
16218,362,17,3974.7799999999997,0.42857142857142855,0
16221,286,4,1228.69,0.4166666666666667,0
16222,67,71,12246.47,0.34306569343065696,6
16233,124,6,758.69,0.16666666666666666,1
16235,119,7,920.45,0.3333333333333333,1
16241,166,30,6524.91,0.2535211267605634,5
16244,346,28,5843.610000000001,0.3968253968253968,0
16250,364,8,2113.73,0.2857142857142857,0
16252,266,12,1737.57,0.2857142857142857,0
16255,168,24,4713.58,0.2833333333333333,5
16262,222,2,681.0,0.0,0
16265,252,10,2991.42,0.34210526315789475,0
16270,173,23,4659.75,0.3333333333333333,5
16271,195,4,792.4,0.3125,0
16274,353,32,7245.03,0.44776119402985076,0
16279,141,2,183.59,0.0,1
16282,168,8,848.65,0.36363636363636365,1
16293,283,7,768.4599999999999,0.375,0
16303,139,14,2471.36,0.2,1
16306,153,7,521.75,0.5333333333333333,3
16315,127,4,307.75,0.6428571428571429,3
16316,163,17,2479.27,0.42857142857142855,5
16321,96,2,289.92,0.5,3
16326,40,14,2162.11,0.37209302325581395,1
16327,45,54,10007.81,0.33663366336633666,6
16333,16,1,618.49,0.0,1
16350,141,13,1150.9,0.4,1
16351,137,2,361.95,0.25,1
16353,12,9,963.29,0.3076923076923077,1
16359,119,4,93.07,0.2,1
16365,206,6,552.59,0.7142857142857143,3
16367,240,14,1578.74,0.24324324324324326,0
16378,20,9,1837.78,0.4,1
16385,272,9,969.5,0.2857142857142857,0
16387,91,2,51.97,0.5,1
16393,240,13,1520.46,0.36363636363636365,0
16395,97,39,6962.09,0.35,5
16401,118,10,812.72,0.07142857142857142,1
16402,311,27,7056.04,0.2807017543859649,0
16403,32,3,862.48,0.2,1
16405,17,1,56.22,0.3333333333333333,1
16407,32,10,1343.74,0.2,1
16409,59,30,5360.66,0.3333333333333333,5
16411,312,10,1006.98,0.2857142857142857,0
16419,26,7,1052.56,0.29411764705882354,1
16422,25,27,4825.11,0.24074074074074073,5
16424,157,1,16.630000000000003,0.0,1
16442,223,29,5558.2,0.34782608695652173,0
16455,225,13,1861.69,0.36666666666666664,0
16456,4,42,9031.34,0.3870967741935484,5
16458,222,5,605.64,0.6,3
16470,201,20,2745.16,0.3,0
16473,152,4,447.14,0.5,3
16477,82,30,4971.08,0.3389830508474576,5
16493,124,1,149.42,0.5,3
16496,57,31,6113.55,0.21951219512195122,5
16497,66,10,3129.1,0.18518518518518517,1
16499,214,13,2072.77,0.13636363636363635,0
16500,128,1,15.6,1.0,3
16503,126,26,4898.15,0.32075471698113206,5
16510,342,10,2152.5099999999998,0.5384615384615384,0
16515,25,16,2719.75,0.4838709677419355,5
16519,258,1,101.94,0.4,0
16520,260,32,7933.4,0.4,0
16523,44,18,2100.71,0.5,5
16525,3,27,3823.72,0.4358974358974359,5
16531,70,9,1416.29,0.35714285714285715,1
16532,164,1,16.5,1.0,3
16539,195,14,3637.61,0.26666666666666666,0
16546,337,11,1680.3700000000001,0.25,0
16549,144,15,1793.63,0.2727272727272727,1
16550,293,22,3836.14,0.23529411764705882,0
16551,152,8,694.24,0.2727272727272727,1
16552,359,4,481.84,0.6,3
16553,215,5,6662.3,0.2777777777777778,0
16554,131,1,508.71000000000004,0.0,1
16556,216,9,1542.57,0.375,0
16558,81,28,3995.05,0.328125,5
16560,196,10,2488.27,0.47619047619047616,3
16565,245,2,102.44999999999999,0.3333333333333333,0
16567,153,14,2305.52,0.34615384615384615,1
16570,28,11,2019.1799999999998,0.3333333333333333,1
16579,257,1,240.42,0.0,0
16583,361,5,1981.33,0.21428571428571427,0
16593,118,1,8.09,0.0,1
16596,266,3,94.84,0.16666666666666666,0
16600,164,1,1006.7800000000001,0.4444444444444444,1
16607,187,8,941.5,0.5555555555555556,3
16612,27,14,3232.86,0.4444444444444444,5
16618,90,24,5271.14,0.4,5
16634,336,6,1110.42,0.125,0
16638,121,3,351.89,0.5833333333333334,3
16654,291,5,735.24,0.0,0
16655,132,13,2529.39,0.2564102564102564,1
16656,59,6,180.52,0.18181818181818182,1
16658,293,7,1022.97,0.25,0
16660,79,1,41.99,0.5,1
16665,236,5,1060.06,0.5555555555555556,3
16670,109,25,3886.2,0.25,5
16676,157,8,956.69,0.2413793103448276,1
16679,271,1,97.05,0.3333333333333333,0
16684,15,33,6123.23,0.3508771929824561,5
16686,181,51,8647.12,0.28735632183908044,6
16700,53,24,4408.92,0.19230769230769232,1
16701,132,9,1485.95,0.55,3
16705,24,28,3482.45,0.35,5
16710,215,28,5035.07,0.4266666666666667,0
16711,188,1,18.99,0.0,0
16713,178,49,9539.94,0.33962264150943394,6
16714,61,47,11602.03,0.3763440860215054,6
16716,22,1,55.42,1.0,3
16717,19,8,1255.07,0.16666666666666666,1
16718,313,28,4782.52,0.3333333333333333,0
16719,164,34,6716.05,0.4,5
16722,222,22,2624.66,0.23809523809523808,0
16725,6,67,12847.5,0.3308270676691729,6
16726,230,8,833.76,0.4,0
16727,246,21,3815.89,0.30434782608695654,0
16730,77,9,3282.64,0.2857142857142857,1
16735,144,26,3487.66,0.2765957446808511,5
16743,200,13,2539.1,0.2,0
16745,2,28,5847.84,0.29310344827586204,5
16746,118,27,3397.36,0.3191489361702128,5
16748,13,9,1948.41,0.21052631578947367,1
16752,345,4,1023.0799999999999,0.7777777777777778,3
16754,336,2,149.79,0.0,0
16755,45,7,1790.6,0.3125,1
16757,73,6,925.06,0.2857142857142857,1
16767,52,26,6740.06,0.34,5
16770,38,45,9833.94,0.3582089552238806,6
16771,19,57,11906.24,0.3333333333333333,6
16775,125,19,3048.57,0.43333333333333335,5
16779,22,36,6082.9400000000005,0.26666666666666666,5
16781,257,14,2126.0699999999997,0.3157894736842105,0
16782,56,61,11022.65,0.31932773109243695,6
16791,133,17,3469.44,0.33962264150943394,1
16795,258,32,5208.53,0.4393939393939394,0
16805,215,31,4042.87,0.2909090909090909,0
16810,223,1,37.35,1.0,3
16812,220,7,1990.9099999999999,0.26666666666666666,0
16814,16,36,8303.710000000001,0.2608695652173913,5
16816,36,16,2964.87,0.25,1
16817,213,13,1886.79,0.2631578947368421,0
16833,144,8,1581.04,0.2222222222222222,1
16835,350,1,260.37,0.4,0
16839,35,10,1810.35,0.46153846153846156,1
16843,116,8,1851.1399999999999,0.3684210526315789,1
16850,140,13,1605.73,0.3157894736842105,1
16858,269,2,636.9300000000001,0.3076923076923077,0
16861,291,1,40.86,0.5,0
16863,224,5,1250.28,0.2,0
16873,176,43,3409.85,0.2714285714285714,5
16875,137,17,3071.43,0.39285714285714285,5
16882,58,1,244.0,0.0,1
16883,334,11,2381.68,0.29411764705882354,0
16885,186,23,4172.17,0.43333333333333335,5
16889,152,20,4992.24,0.3333333333333333,5
16891,333,37,8628.09,0.36231884057971014,0
16892,95,1,54.47,1.0,3
16893,277,31,4111.96,0.4888888888888889,0
16897,40,19,3901.91,0.3,5
16898,258,11,3615.51,0.3333333333333333,0
16899,216,9,883.05,0.5,3
16904,102,44,6813.71,0.27631578947368424,5
16905,334,5,1116.4,0.4,0
16907,256,19,3809.61,0.47058823529411764,0
16912,93,5,1141.54,0.5384615384615384,3
16916,343,23,3465.5099999999998,0.32,0
16918,58,10,2717.16,0.41935483870967744,1
16919,215,34,7912.25,0.35384615384615387,5
16923,40,59,16001.87,0.328,6
16926,331,6,605.77,0.35714285714285715,0
16927,231,1,38.69,0.5,3
16928,90,5,1642.87,0.2727272727272727,1
16931,86,54,11911.35,0.3643410852713178,6
16938,11,9,2236.03,0.5,5
16943,67,10,1567.77,0.23809523809523808,1
16945,193,7,1457.35,0.2631578947368421,0
16948,108,4,677.44,0.4,1
16949,54,4,852.99,0.0,1
16950,283,2,172.5,0.3333333333333333,0
16954,212,5,461.84000000000003,0.3333333333333333,0
16955,148,12,1361.22,0.1875,1
16983,82,10,1238.69,0.2608695652173913,1
16985,20,17,4200.32,0.42424242424242425,5
16992,18,2,56.620000000000005,0.5,1
16995,336,1,24.03,0.0,0
16996,172,4,364.59,0.3333333333333333,1
16997,13,5,770.99,0.25,1
17001,76,18,1807.06,0.40625,1
17007,173,8,1356.01,0.23076923076923078,1
17017,214,42,7752.51,0.37333333333333335,5
17018,109,5,684.77,0.3333333333333333,1
17019,127,46,8468.77,0.3,6
17025,352,5,1148.87,0.2,0
17026,315,3,158.28,0.0,0
17027,61,18,3709.07,0.3023255813953488,1
17033,208,4,448.13,0.5,3
17035,25,8,1814.52,0.5,1
17041,222,4,725.93,0.2222222222222222,0
17044,203,1,64.97,0.3333333333333333,0
17048,88,7,1274.13,0.3125,1
17059,317,69,9475.46,0.3333333333333333,6
17062,40,34,6673.76,0.352112676056338,5
17064,116,9,3884.43,0.43478260869565216,1
17068,33,38,6808.71,0.30434782608695654,5
17069,171,14,2476.08,0.3333333333333333,1
17071,17,8,1380.33,0.29411764705882354,1
17075,62,6,432.87,0.3333333333333333,1
17076,253,5,1113.76,0.42857142857142855,0
17082,66,11,518.63,0.2916666666666667,1
17085,179,39,6255.57,0.29069767441860467,5
17090,177,2,104.59,0.5,3
17091,70,20,4047.0499999999997,0.2830188679245283,5
17094,66,8,1838.87,0.3333333333333333,1
17095,132,5,757.08,0.47058823529411764,1
17097,100,29,6366.26,0.3333333333333333,5
17105,2,27,5244.66,0.2894736842105263,5
17114,146,11,2913.33,0.41379310344827586,1
17118,63,7,1826.8400000000001,0.3,1
17126,241,28,6946.73,0.30158730158730157,0
17128,145,6,1013.73,0.2857142857142857,1
17135,335,6,1474.78,0.4444444444444444,0
17146,200,6,2330.7400000000002,0.3125,0
17147,28,8,974.22,0.3888888888888889,1
17158,217,16,2205.91,0.4,0
17179,229,8,1926.74,0.15,0
17180,46,32,6340.46,0.32727272727272727,5
17181,359,2,340.01,0.0,0
17188,42,27,3603.01,0.35135135135135137,5
17189,203,19,4361.86,0.39473684210526316,0
17191,291,36,8363.87,0.2777777777777778,0
17194,221,13,1581.81,0.2857142857142857,0
17198,259,44,10181.630000000001,0.2857142857142857,6
17204,179,3,365.0,0.0,0
17211,173,25,5046.74,0.3333333333333333,5
17213,51,20,3917.62,0.2641509433962264,1
17214,13,15,2017.5900000000001,0.3333333333333333,1
17218,143,59,8493.0,0.36134453781512604,6
17220,34,38,8018.23,0.3333333333333333,5
17223,18,27,8120.650000000001,0.24489795918367346,5
17226,10,13,2433.38,0.2857142857142857,1
17227,302,3,312.58,0.0,0
17228,26,25,4215.47,0.3125,5
17230,20,39,6540.31,0.5,5
17231,97,36,7679.13,0.3176470588235294,5
17235,343,7,1897.21,0.2,0
17236,70,15,2662.79,0.36363636363636365,1
17238,89,51,10469.93,0.26744186046511625,6
17239,35,14,2786.25,0.3125,1
17243,88,36,6393.93,0.328125,5
17251,243,22,2084.51,0.28205128205128205,0
17256,31,7,1034.64,0.25,1
17259,296,32,6267.88,0.21839080459770116,0
17262,271,1,22.57,0.5,3
17277,90,29,4434.43,0.28846153846153844,5
17284,149,49,6977.85,0.33587786259541985,5
17287,286,9,2192.47,0.22727272727272727,0
17288,112,5,1462.54,0.16666666666666666,1
17291,8,1,127.8,0.0,1
17293,5,15,2432.74,0.36,1
17303,230,21,2919.67,0.2830188679245283,0
17306,59,5,208.56,0.4444444444444444,1
17307,257,1,25.19,0.0,0
17311,55,19,3998.16,0.3333333333333333,5
17314,28,15,3798.54,0.38461538461538464,5
17315,6,51,9102.8,0.3764705882352941,6
17320,289,11,1872.09,0.22727272727272727,0
17324,132,7,1712.53,0.5882352941176471,3
17329,41,9,2676.15,0.25,1
17334,12,7,1703.84,0.4,1
17337,17,139,38162.49,0.31153846153846154,7
17338,130,56,7485.06,0.2786885245901639,6
17339,258,1,46.4,0.0,0
17340,174,61,11243.869999999999,0.3722627737226277,6
17341,273,65,12546.75,0.37267080745341613,6
17343,180,8,1197.49,0.23529411764705882,0
17346,210,21,3435.39,0.2553191489361702,0
17356,27,14,2038.01,0.3157894736842105,1
17358,182,26,4984.81,0.40476190476190477,5
17362,16,6,1005.0999999999999,0.3333333333333333,1
17364,93,16,2340.11,0.36538461538461536,1
17365,136,29,4891.27,0.3670886075949367,5
17368,66,22,2973.83,0.40476190476190477,5
17371,227,4,1364.03,0.25,0
17372,59,39,8938.69,0.30526315789473685,5
17373,34,9,2214.71,0.29411764705882354,1
17375,29,25,4417.13,0.3953488372093023,5
17376,23,5,676.37,0.23076923076923078,1
17377,186,28,4255.23,0.4222222222222222,5
17381,10,14,2876.7799999999997,0.15789473684210525,1
17389,29,14,2736.13,0.11764705882352941,1
17392,4,34,7821.58,0.3548387096774194,5
17396,335,2,41.97,0.0,0
17400,172,17,6693.73,0.4864864864864865,5
17402,121,13,2428.17,0.2222222222222222,1
17404,45,33,4722.04,0.2916666666666667,5
17406,126,47,8080.12,0.46551724137931033,5
17411,263,2,182.81,0.5,3
17412,193,14,2355.22,0.47619047619047616,3
17418,96,7,1151.97,0.4166666666666667,1
17419,103,18,2451.37,0.35135135135135137,1
17420,364,5,589.52,0.0,0
17428,137,20,2493.31,0.32,1
17430,261,3,1320.0,0.4,0
17431,37,26,6923.52,0.32558139534883723,5
17442,257,1,235.92,1.0,3
17446,19,3,886.1700000000001,0.2,1
17449,210,38,7396.62,0.3150684931506849,5
17450,137,23,3284.8,0.47297297297297297,5
17454,211,7,1110.54,0.3333333333333333,0
17456,257,7,993.56,0.17647058823529413,0
17457,12,5,850.5,0.375,1
17460,67,6,534.44,0.375,1
17463,36,57,10939.88,0.3191489361702128,6
17470,288,6,1310.96,0.2727272727272727,0
17491,108,7,373.89,0.3076923076923077,1
17496,203,4,318.0,0.2,0
17504,92,14,2318.9900000000002,0.4444444444444444,1
17507,12,33,6161.4800000000005,0.35555555555555557,5
17511,22,106,19707.45,0.36619718309859156,7
17515,67,14,2869.71,0.22580645161290322,1
17517,10,8,1083.41,0.45454545454545453,1
17519,224,9,1898.84,0.21052631578947367,0
17524,229,1,277.68,0.5,3
17525,209,4,446.22,0.3333333333333333,0
17526,223,6,581.2,0.14285714285714285,0
17530,254,29,5744.59,0.2923076923076923,0
17540,50,2,371.75,0.25,1
17547,341,2,174.13,0.5,0
17548,363,4,609.53,0.2857142857142857,0
17551,206,17,2888.55,0.2558139534883721,0
17552,335,2,1184.81,0.3076923076923077,0
17555,145,23,4042.9900000000002,0.4489795918367347,5
17560,20,2,231.89,1.0,3
17567,340,6,2672.12,0.4074074074074074,0
17569,133,14,1931.41,0.13793103448275862,1
17572,357,2,450.43,0.25,0
17576,104,25,6761.73,0.2727272727272727,5
17580,32,26,5021.27,0.45454545454545453,5
17581,123,39,5570.81,0.38461538461538464,5
17585,161,17,3341.94,0.35714285714285715,1
17591,59,42,6822.33,0.35353535353535354,5
17593,172,11,911.18,0.3076923076923077,1
17596,299,28,5172.66,0.36666666666666664,0
17602,98,56,12728.2,0.2621359223300971,6
17604,30,19,4092.35,0.4074074074074074,5
17609,116,33,7693.71,0.46,5
17611,84,104,18767.59,0.39896373056994816,7
17616,288,1,125.5,0.0,0
17618,235,22,2765.14,0.18867924528301888,0
17619,31,46,6486.86,0.4675324675324675,5
17621,33,12,2526.03,0.4,1
17629,137,9,1325.52,0.6666666666666666,3
17633,203,1,21.99,1.0,3
17634,157,24,4423.79,0.25675675675675674,5
17643,354,4,629.8,0.375,0
17644,88,1,19.59,1.0,3
17646,258,5,998.48,0.3333333333333333,0
17655,195,5,303.7,0.5454545454545454,3
17659,194,6,1609.54,0.23529411764705882,0
17671,258,1,426.24,0.4117647058823529,0
17672,14,19,5266.07,0.34146341463414637,5
17673,82,38,8052.72,0.38636363636363635,5
17674,303,5,472.38,0.45454545454545453,0
17675,28,26,5566.53,0.4098360655737705,5
17676,271,3,1358.68,0.5333333333333333,3
17677,70,28,3480.15,0.3409090909090909,5
17682,294,6,1512.3899999999999,0.3333333333333333,0
17685,5,22,3621.27,0.43902439024390244,5
17690,112,38,7514.27,0.42105263157894735,5
17691,194,6,679.25,0.3157894736842105,0
17692,207,15,2954.5,0.32,0
17696,153,4,1299.36,0.625,3
17700,257,2,55.17,0.3333333333333333,0
17702,259,3,582.65,0.2,0
17706,278,18,2498.4700000000003,0.39285714285714285,0
17707,150,1,42.53,0.3333333333333333,1
17708,103,16,3229.1,0.5384615384615384,3
17714,88,6,577.06,0.6,3
17720,287,1,55.49,0.0,0
17722,59,49,6733.0,0.425,5
17730,70,6,1280.23,0.2777777777777778,1
17732,349,11,2067.11,0.5,0
17735,63,28,7354.95,0.2982456140350877,5
17739,138,2,799.6800000000001,0.4166666666666667,1
17742,137,8,1284.98,0.38461538461538464,1
17744,93,17,2649.08,0.3333333333333333,1
17752,203,1,164.0,0.0,0
17757,48,56,9555.28,0.3089430894308943,6
17760,353,7,958.5799999999999,0.2222222222222222,0
17769,87,23,4246.56,0.38235294117647056,5
17771,95,9,2358.68,0.45454545454545453,1
17786,60,10,2267.2200000000003,0.25,1
17787,96,41,7574.16,0.24050632911392406,5
17790,190,15,2093.42,0.375,0
17796,39,46,10302.76,0.358974358974359,6
17799,79,60,10168.02,0.3025210084033613,6
17800,144,7,666.22,0.3333333333333333,1
17802,342,5,887.19,0.16666666666666666,0
17809,331,3,894.62,0.26666666666666666,0
17811,21,76,14348.64,0.2975206611570248,6
17812,289,11,2089.0,0.45454545454545453,0
17816,258,2,1900.04,0.4,0
17819,238,4,1418.85,0.2857142857142857,0
17820,203,1,397.36,0.6666666666666666,3
17827,250,51,8015.07,0.2857142857142857,0
17838,256,16,4858.01,0.3488372093023256,0
17841,18,263,53896.3,0.36363636363636365,4
17848,17,5,276.53,0.23076923076923078,1
17849,140,2,1463.96,0.625,3
17850,340,177,37714.02,0.3063973063973064,7
17855,349,9,1577.37,0.11764705882352941,0
17857,195,4,586.97,0.6,3
17858,83,28,4905.66,0.37142857142857144,5
17860,298,30,3701.22,0.41379310344827586,0
17861,80,6,921.1700000000001,0.25,1
17862,96,8,1092.12,0.6363636363636364,3
17863,21,23,4297.32,0.3333333333333333,5
17865,187,23,5275.3,0.2619047619047619,0
17869,288,6,874.5799999999999,0.4375,0
17870,280,1,49.99,0.0,0
17873,354,4,1270.8400000000001,0.5555555555555556,3
17880,252,10,2020.75,0.34615384615384615,0
17884,27,54,9664.87,0.3118279569892473,6
17888,62,7,1004.78,0.4444444444444444,1
17889,88,9,1161.83,0.4166666666666667,1
17890,91,40,8129.04,0.40425531914893614,5
17894,32,56,10913.87,0.28695652173913044,6
17897,281,33,6668.98,0.3287671232876712,0
17905,171,10,1833.67,0.39285714285714285,1
17908,362,32,5929.04,0.27586206896551724,0
17912,19,19,2167.45,0.3,1
17913,185,12,1233.35,0.41935483870967744,0
17917,239,17,2905.5299999999997,0.3448275862068966,0
17920,41,64,12159.78,0.3619047619047619,6
17924,178,4,290.25,0.0,0
17925,349,1,26.09,0.0,0
17929,11,2,286.18,0.5,1
17937,228,11,1112.82,0.2777777777777778,0
17949,159,2,73.78,0.5,3
17950,257,19,6958.08,0.4,0
17951,177,8,923.54,0.3,1
17954,120,39,7397.5,0.38095238095238093,5
17961,19,29,10506.07,0.38271604938271603,5
17964,343,23,4756.07,0.37142857142857144,0
17965,43,45,5401.42,0.30434782608695654,5
17967,334,26,5068.82,0.375,0
17968,360,31,9082.81,0.38823529411764707,0
17969,227,3,154.04,0.42857142857142855,0
17975,20,35,13291.35,0.3595505617977528,6
17976,342,33,5854.97,0.3230769230769231,0
17978,259,4,627.21,0.16666666666666666,0
17980,204,7,749.69,0.4,0
17988,112,11,2010.99,0.3076923076923077,1
17990,173,8,1102.91,0.6666666666666666,3
17999,269,17,4175.66,0.39473684210526316,0
18004,236,18,3327.94,0.325,0
18008,71,5,512.3199999999999,0.3333333333333333,1
18011,350,13,1796.8899999999999,0.17857142857142858,0
18016,41,23,3221.05,0.425,5
18017,19,1,26.06,0.0,1
18032,143,3,65.95,0.6,3
18037,89,7,524.4,0.25,1
18041,19,95,16700.14,0.3312883435582822,6
18043,276,28,5479.86,0.3787878787878788,0
18044,221,3,854.98,0.0,0
18050,206,5,742.62,0.4,0
18055,27,50,10059.18,0.34375,6
18061,92,6,1276.47,0.45454545454545453,1
18062,159,3,131.5,0.4,1
18065,195,17,1847.42,0.3181818181818182,0
18069,117,33,5788.01,0.4155844155844156,5
18071,264,4,662.56,0.42857142857142855,0
18074,364,12,1914.77,0.3076923076923077,0
18075,46,19,3125.77,0.2222222222222222,1
18077,74,32,5682.43,0.47619047619047616,5
18085,125,15,2429.15,0.3103448275862069,1
18092,125,12,1694.83,0.23809523809523808,1
18095,33,12,1428.84,0.38095238095238093,1
18097,169,11,1588.01,0.3125,1
18102,259,14,2310.0,0.2777777777777778,0
18106,123,19,3281.68,0.46153846153846156,5
18109,106,33,3877.16,0.2916666666666667,5
18113,299,1,122.25,0.0,0
18116,169,77,11599.6,0.3548387096774194,6
18118,107,120,23052.98,0.308,7
18119,286,12,1887.28,0.23333333333333334,0
18125,49,45,11536.85,0.3493975903614458,6
18136,79,10,1773.29,0.3333333333333333,1
18141,223,1,36.38,0.0,0
18144,72,5,619.98,0.3,1
18145,34,24,4336.78,0.2857142857142857,5
18156,318,34,3779.77,0.32727272727272727,0
18161,80,8,863.7,0.4,1
18168,210,29,4230.77,0.29545454545454547,0
18171,141,9,1408.01,0.3333333333333333,1
18176,173,13,2901.91,0.2727272727272727,1
18178,13,15,3224.14,0.34285714285714286,1
18179,111,13,2038.13,0.4857142857142857,5
18190,105,6,487.72,0.3,1
18193,270,1,14.9,1.0,3
18198,21,15,2510.68,0.4074074074074074,5
18202,24,17,4885.18,0.391304347826087,5
18212,109,21,3212.63,0.20930232558139536,1
18219,220,12,1245.18,0.375,0
18223,88,32,4800.78,0.4166666666666667,5
18225,257,2,122.21000000000001,1.0,3
18226,131,11,1253.66,0.4090909090909091,1
18229,124,13,2589.02,0.4117647058823529,1
18230,203,2,146.99,1.0,3
18233,109,1,105.5,1.0,3
18239,35,27,6503.32,0.28846153846153844,5
18245,34,30,8031.45,0.2727272727272727,5
18250,19,6,2661.48,0.38095238095238093,1
18256,180,2,74.56,0.0,0
18259,271,3,822.67,0.42857142857142855,0
18260,88,19,2995.4700000000003,0.4,5
18269,195,2,153.06,0.375,0
18277,70,1,304.0,0.0,1
18283,83,53,7080.51,0.37254901960784315,5
